{
    "mNodeName": "01",
    "mGeoPosition": {
        "x": 53.76775546349844,
        "y": -2.7047938595969025
    },
    "mConnectedNodes": [],
    "mNodeType": 0,
    "mIndex": 1,
    "mID": "p01"
}