{
    "mNodeName": "01",
    "mGeoPosition": {
        "x": 53.76775546349844,
        "y": -2.7047938595969025
    },
    "mNodeType": 0,
    "mConnectedNodes": [
        "p24",
        "b31"
    ],
    "mIndex": 0,
    "mID": "p01"
}