{
    "mNodeName": "02",
    "mGeoPosition": {
        "x": 53.76655182586979,
        "y": -2.704802850194877
    },
    "mConnectedNodes": [],
    "mNodeType": 0
}