{
    "mNodeName": "02",
    "mGeoPosition": {
        "x": 53.76655182586979,
        "y": -2.704802850194877
    },
    "mNodeType": 0,
    "mConnectedNodes": [
        "p24",
        "p31"
    ],
    "mIndex": 1,
    "mID": "p02"
}