{
    "mNodeName": "03",
    "mGeoPosition": {
        "x": 53.76632244834551,
        "y": -2.705769662456453
    },
    "mConnectedNodes": [],
    "mNodeType": 0,
    "mIndex": 3,
    "mID": "p03"
}