{
    "mNodeName": "03",
    "mGeoPosition": {
        "x": 53.76632244834551,
        "y": -2.705769662456453
    },
    "mNodeType": 0,
    "mConnectedNodes": [
        "p33",
        "p31"
    ],
    "mIndex": 2,
    "mID": "p03"
}