{
    "mNodeName": "04",
    "mGeoPosition": {
        "x": 53.76567447244202,
        "y": -2.7082395688469423
    },
    "mNodeType": 0,
    "mConnectedNodes": [
        "p33",
        "p34",
        "p06",
        "p05",
        "b10"
    ],
    "mIndex": 3,
    "mID": "p04"
}