{
    "mNodeName": "04",
    "mGeoPosition": {
        "x": 53.76567447244202,
        "y": -2.7082395688469423
    },
    "mConnectedNodes": [],
    "mNodeType": 0
}