{
    "mNodeName": "05",
    "mGeoPosition": {
        "x": 53.765244362647614,
        "y": -2.7101362985187722
    },
    "mNodeType": 0,
    "mConnectedNodes": [
        "p04",
        "p10",
        "p35",
        "b31"
    ],
    "mIndex": 4,
    "mID": "p05"
}