{
    "mNodeName": "05",
    "mGeoPosition": {
        "x": 53.765244362647614,
        "y": -2.7101362985187722
    },
    "mConnectedNodes": [],
    "mNodeType": 0,
    "mIndex": 5,
    "mID": "p05"
}