{
    "mNodeName": "06",
    "mGeoPosition": {
        "x": 53.765279220258044,
        "y": -2.707963699339598
    },
    "mConnectedNodes": [],
    "mNodeType": 0,
    "mIndex": 6,
    "mID": "p06"
}