{
    "mNodeName": "06",
    "mGeoPosition": {
        "x": 53.765279220258044,
        "y": -2.707963699339598
    },
    "mNodeType": 0,
    "mConnectedNodes": [
        "p04",
        "p08",
        "b18"
    ],
    "mIndex": 5,
    "mID": "p06"
}