{
    "mNodeName": "07",
    "mGeoPosition": {
        "x": 53.76524314500913,
        "y": -2.706561437382106
    },
    "mConnectedNodes": [],
    "mNodeType": 0,
    "mIndex": 7,
    "mID": "p07"
}