{
    "mNodeName": "07",
    "mGeoPosition": {
        "x": 53.76524314500913,
        "y": -2.706561437382106
    },
    "mNodeType": 0,
    "mConnectedNodes": [
        "p08",
        "p30",
        "b33",
        "b04",
        "b16"
    ],
    "mIndex": 6,
    "mID": "p07"
}