{
    "mNodeName": "08",
    "mGeoPosition": {
        "x": 53.76493526861063,
        "y": -2.7077205890161244
    },
    "mConnectedNodes": [],
    "mNodeType": 0
}