{
    "mNodeName": "08",
    "mGeoPosition": {
        "x": 53.76493526861063,
        "y": -2.7077205890161244
    },
    "mNodeType": 0,
    "mConnectedNodes": [
        "p06",
        "p07",
        "p09",
        "p29",
        "b04"
    ],
    "mIndex": 7,
    "mID": "p08"
}