{
    "mNodeName": "09",
    "mGeoPosition": {
        "x": 53.76482114039324,
        "y": -2.708385788426977
    },
    "mNodeType": 0,
    "mConnectedNodes": [
        "b32",
        "b03",
        "p08",
        "p10",
        "p13"
    ],
    "mIndex": 8,
    "mID": "p09"
}