{
    "mNodeName": "09",
    "mGeoPosition": {
        "x": 53.76482114039324,
        "y": -2.708385788426977
    },
    "mConnectedNodes": [],
    "mNodeType": 0,
    "mIndex": 9,
    "mID": "p09"
}