{
    "mNodeName": "10",
    "mGeoPosition": {
        "x": 53.76463405611513,
        "y": -2.709565960318592
    },
    "mConnectedNodes": [],
    "mNodeType": 0
}