{
    "mNodeName": "11",
    "mGeoPosition": {
        "x": 53.76442475968948,
        "y": -2.707366548513876
    },
    "mConnectedNodes": [],
    "mNodeType": 0,
    "mIndex": 11,
    "mID": "p11"
}