{
    "mNodeName": "11",
    "mGeoPosition": {
        "x": 53.76442475968948,
        "y": -2.707366548513876
    },
    "mNodeType": 0,
    "mConnectedNodes": [
        "p12",
        "p13",
        "p29"
    ],
    "mIndex": 10,
    "mID": "p11"
}