{
    "mNodeName": "12",
    "mGeoPosition": {
        "x": 53.76420280782157,
        "y": -2.7071627011618284
    },
    "mNodeType": 0,
    "mConnectedNodes": [
        "p11",
        "p13",
        "p16",
        "p30"
    ],
    "mIndex": 11,
    "mID": "p12"
}