{
    "mNodeName": "12",
    "mGeoPosition": {
        "x": 53.76420280782157,
        "y": -2.7071627011618284
    },
    "mConnectedNodes": [],
    "mNodeType": 0,
    "mIndex": 12,
    "mID": "p12"
}