{
    "mNodeName": "13",
    "mGeoPosition": {
        "x": 53.764009434905496,
        "y": -2.708074812689442
    },
    "mConnectedNodes": [],
    "mNodeType": 0
}