{
    "mNodeName": "14",
    "mGeoPosition": {
        "x": 53.76380015008384,
        "y": -2.709126238604991
    },
    "mConnectedNodes": [],
    "mNodeType": 0,
    "mIndex": 14,
    "mID": "p14"
}