{
    "mNodeName": "14",
    "mGeoPosition": {
        "x": 53.76380015008384,
        "y": -2.709126238604991
    },
    "mNodeType": 0,
    "mConnectedNodes": [
        "p10",
        "p18",
        "p15",
        "b30",
        "b02",
        "b07"
    ],
    "mIndex": 13,
    "mID": "p14"
}