{
    "mNodeName": "15",
    "mGeoPosition": {
        "x": 53.7634925629265,
        "y": -2.7101723000449063
    },
    "mNodeType": 0,
    "mConnectedNodes": [
        "p14",
        "b20",
        "b24",
        "b17"
    ],
    "mIndex": 14,
    "mID": "p15"
}