{
    "mNodeName": "15",
    "mGeoPosition": {
        "x": 53.7634925629265,
        "y": -2.7101723000449063
    },
    "mConnectedNodes": [],
    "mNodeType": 0,
    "mIndex": 15,
    "mID": "p15"
}