{
    "mNodeName": "16",
    "mGeoPosition": {
        "x": 53.76354329910573,
        "y": -2.7066961573219515
    },
    "mNodeType": 0,
    "mConnectedNodes": [
        "p12",
        "p17",
        "p19"
    ],
    "mIndex": 15,
    "mID": "p16"
}