{
    "mNodeName": "16",
    "mGeoPosition": {
        "x": 53.76354329910573,
        "y": -2.7066961573219515
    },
    "mConnectedNodes": [],
    "mNodeType": 0,
    "mIndex": 16,
    "mID": "p16"
}