{
    "mNodeName": "17",
    "mGeoPosition": {
        "x": 53.76336706396118,
        "y": -2.7075345731050704
    },
    "mConnectedNodes": [],
    "mNodeType": 0,
    "mIndex": 17,
    "mID": "p17"
}