{
    "mNodeName": "17",
    "mGeoPosition": {
        "x": 53.76336706396118,
        "y": -2.7075345731050704
    },
    "mNodeType": 0,
    "mConnectedNodes": [
        "p13",
        "p16",
        "p18",
        "b28"
    ],
    "mIndex": 16,
    "mID": "p17"
}