{
    "mNodeName": "18",
    "mGeoPosition": {
        "x": 53.76315777594054,
        "y": -2.708414337598127
    },
    "mNodeType": 0,
    "mConnectedNodes": [
        "p14",
        "p17",
        "p20",
        "b07"
    ],
    "mIndex": 17,
    "mID": "p18"
}