{
    "mNodeName": "18",
    "mGeoPosition": {
        "x": 53.76315777594054,
        "y": -2.708414337598127
    },
    "mConnectedNodes": [],
    "mNodeType": 0,
    "mIndex": 18,
    "mID": "p18"
}