{
    "mNodeName": "19",
    "mGeoPosition": {
        "x": 53.7626789463863,
        "y": -2.7066762661736017
    },
    "mConnectedNodes": [],
    "mNodeType": 0,
    "mIndex": 19,
    "mID": "p19"
}