{
    "mNodeName": "19",
    "mGeoPosition": {
        "x": 53.7626789463863,
        "y": -2.7066762661736017
    },
    "mNodeType": 0,
    "mConnectedNodes": [
        "p20",
        "p16",
        "b28",
        "p22",
        "b13"
    ],
    "mIndex": 18,
    "mID": "p19"
}