{
    "mNodeName": "20",
    "mGeoPosition": {
        "x": 53.76271699926521,
        "y": -2.707990548495547
    },
    "mNodeType": 0,
    "mConnectedNodes": [
        "p19",
        "p18",
        "b28",
        "p21",
        "b13",
        "p22"
    ],
    "mIndex": 19,
    "mID": "p20"
}