{
    "mNodeName": "20",
    "mGeoPosition": {
        "x": 53.76271699926521,
        "y": -2.707990548495547
    },
    "mConnectedNodes": [],
    "mNodeType": 0,
    "mIndex": 20,
    "mID": "p20"
}