{
    "mNodeName": "21",
    "mGeoPosition": {
        "x": 53.7623269556114,
        "y": -2.710833690049389
    },
    "mConnectedNodes": [],
    "mNodeType": 0
}