{
    "mNodeName": "21",
    "mGeoPosition": {
        "x": 53.7623269556114,
        "y": -2.710833690049389
    },
    "mNodeType": 0,
    "mConnectedNodes": [
        "p23",
        "p20"
    ],
    "mIndex": 20,
    "mID": "p21"
}