{
    "mNodeName": "22",
    "mGeoPosition": {
        "x": 53.762047897760766,
        "y": -2.7073682760936078
    },
    "mNodeType": 0,
    "mConnectedNodes": [
        "b13",
        "b15",
        "b14",
        "b28",
        "b19",
        "b01",
        "p19",
        "p20",
        "p28"
    ],
    "mIndex": 21,
    "mID": "p22"
}