{
    "mNodeName": "22",
    "mGeoPosition": {
        "x": 53.762047897760766,
        "y": -2.7073682760936078
    },
    "mConnectedNodes": [],
    "mNodeType": 0,
    "mIndex": 22,
    "mID": "p22"
}