{
    "mNodeName": "23",
    "mGeoPosition": {
        "x": 53.76119802836866,
        "y": -2.709948561111447
    },
    "mConnectedNodes": [],
    "mNodeType": 0,
    "mIndex": 23,
    "mID": "p23"
}