{
    "mNodeName": "23",
    "mGeoPosition": {
        "x": 53.76119802836866,
        "y": -2.709948561111447
    },
    "mNodeType": 0,
    "mConnectedNodes": [
        "p21",
        "p25",
        "b21"
    ],
    "mIndex": 22,
    "mID": "p23"
}