{
    "mNodeName": "24",
    "mGeoPosition": {
        "x": 53.76096018870238,
        "y": -2.7089668726225047
    },
    "mConnectedNodes": [],
    "mNodeType": 0
}