{
    "mNodeName": "25",
    "mGeoPosition": {
        "x": 53.76080797060899,
        "y": -2.7094121193217
    },
    "mConnectedNodes": [],
    "mNodeType": 0
}