{
    "mNodeName": "25",
    "mGeoPosition": {
        "x": 53.76080797060899,
        "y": -2.7094121193217
    },
    "mNodeType": 0,
    "mConnectedNodes": [
        "b21",
        "b28",
        "b33",
        "b08",
        "p27",
        "p23"
    ],
    "mIndex": 24,
    "mID": "p25"
}